{
  "SITE.md": 1776148162.2652853,
  "logos\\README.txt": 1776151294.0671732,
  "logos\\indulge-salon.png": 1776151534.4359872,
  "logos\\logos-combined.png": 1776151534.4399533,
  "logos\\studio-sinfonia.png": 1776152604.9288602,
  "logos\\weavorah.png": 1776151534.4389868
}